0x80748c3f94edc11B2Adc0d8651ECD8CF3C3c1831,10000
0x038c9773d0c99FfC693b0D4Be2657162d32D92Be,10000
0x9AE711257E35C00EfA8eE37E947e6bA169A33134,10000
0x4b0f1A5fd0133c6B63FB33838Ec3CF58c46bed12,10000
0xAeFe8E46731BaE781bC87b5748b4E310816A8f24,10000
0xEB60Ec606B96f72f9562F16002d60474F6BA2a32,10000
0xD209dd48c3853a9F279C049842b32150ceDbbF68,10000
0x3AC973ef5f8eda59A101A1100B371a9F4FE832A6,10000
0xdFeF895033c58ea6c519D561D5621157d95d0490,10000
0x6d22e11DF9797cFaA9Bc35dFb012121239A6BC51,10000
0xEb9daB844B0A5C18bB3145843dEbBA9919484E4c,10000
0x692D47ada6eBb8754F5365c22b3384307c886Aaa,10000
0x4D4294657a040A772C4ad705CF2546009134b876,10000
0xBbA596244390ae70e6B82c791A6831bD84Bd1F40,10000
0xa675b5639e04a288b590404345cAB1c407f74808,10000
0x4a6aa398f119156D2D5c3d47ABB038876bD7bC00,10000
0x3AC973ef5f8eda59A101A1100B371a9F4FE832A6,10000
0xf045063CC4F034f8d998ef776Efa8dD0F172bF4b,10000
0xF67E75Ace25daD866A6BEDEF7af584d937669c18,10000
0x84d9D489B36D069470c32bDbc28886EB21596e0E,10000
0xccDc08484bB52CFBC73c8288858E406776424B2E,10000
0x16e78427136498D2d0d6082C7CC536D7F8D9f59a,10000
0xe386D910c030a757c496a26d2C8F79Dc7c66642C,10000
0x7516efa8f3f8fd80fa93b511be6fbff5f3e2071c,10000
0x4bE9B4203C3EB3906ac7Ea4061a82ea96B2d2bb4,10000
0x9Af21fE17170D2386Ac4EDC39063330EF20f0087,10000
0x8fa6D73805c06cB9a6803E880b574628fD86E239,10000
0xDa1F712E07d27e8121232cc50cCC9D20f7144145,10000
0x68280101C6aC5668BAb6D62333a197a64C8ABa79,10000
0x295CFd4CA3AAbde01C8E58eC9523452C023e0193,10000
0x82d0Ca2EDf47355Fd1A3E65B59105ce70C192B21,10000
0xaFc1C1cEF0FE8782A490DA64708F5A7F4176f520,10000
0xBebf4d94668f129AEc5e9E906B6db79D59e98150,10000
0x32a087c085111c1466c84eAa5C2CEE8Be2089524,10000
0x04B15572B5007cf69D77CDB00Bb38dE0D38089Ae,10000
0xc30f966efe4119efF47B84B44Ce035Ee41ac0281,10000
0xac93bd07a62f0e9b4ee95e0e80d8fc4fb32ad453,10000
0x024910d0e1D9DF8718AE5F2388B8C0dc47955c86,10000
0x9AaC2899193DB2C18491101E4f0AEc94ffCe8e69,10000
0x9a1124c66975bBF97aC359ab7bFB743ad73fe838,10000
0xDED5cef8F83B609749ed82AC43549F8128f87D5B,10000
0xD7B46dFea20D26a24C5DCa105e8B1836acE10014,10000
0xdC770061D852cFCF95D48924cA8B960C24c4e3d6,10000
0xaFC8aE88f8ee94368F9A37102f6Dc06B01386803,10000
0x5bdeF5ae0c46a5012474A33e0146a3207D0d51f9,10000
0xeb669349ba8EEEb0cF78FDa35488064Efaff2801,10000
0x1BECED4F8C104C8888579CC949a2010f0B788399,10000
0x2951A858Fd18d41a40590F09d5c2648c812AFf8D,10000
0x9c0Da6a3AcCE6A0E3bC453f881DDd7dC54a180F6,10000
0xFaE81892959cA00496dDD9b04bDbB8bF4a8a2bC9,10000